Size,Entropy,Rank
Qwen2.5-3B,106.08415,1.0270312
Qwen2.5-3B,157.8776,0.8571906
Qwen2.5-3B,110.90813,0.8644582
Qwen2.5-3B,107.770065,1.1673498
Qwen2.5-3B,113.449295,1.2386231
Qwen2.5-3B,140.71667,0.77223766
Qwen2.5-3B,111.12746,0.8717622
Qwen2.5-3B,105.64049,1.0327103
Qwen2.5-3B,112.26113,1.0925539
Qwen2.5-3B,127.56755,0.8456316
Qwen2.5-3B,108.44844,0.8684877
Qwen2.5-3B,107.72519,1.1609268
Qwen2.5-3B,109.66188,0.83873284
Qwen2.5-3B,106.36228,0.8465097
Qwen2.5-3B,111.209206,0.7808845
Qwen2.5-3B,108.24156,1.1460443
Qwen2.5-3B,106.95029,1.0346032
Qwen2.5-3B,133.76717,0.8641594
Qwen2.5-3B,110.57143,0.851561
Qwen2.5-3B,111.37838,1.2853024
Qwen2.5-3B,115.65459,0.8462506
Qwen2.5-3B,130.99701,0.80870867
Qwen2.5-3B,107.72944,0.7915877
Qwen2.5-3B,109.53049,1.2226372
Qwen2.5-3B,115.60062,0.96864444
Qwen2.5-3B,129.74722,0.86086607
Qwen2.5-3B,112.354675,0.8500495
Qwen2.5-3B,114.573715,1.344701
Qwen2.5-3B,110.13909,0.9511119
Qwen2.5-3B,133.59055,0.8642478
Qwen2.5-3B,111.145645,0.8388699
Qwen2.5-3B,113.2395,1.3338828
Qwen2.5-3B,105.08222,0.85269266
Qwen2.5-3B,129.29855,0.91346455
Qwen2.5-3B,111.03563,0.85126954
Qwen2.5-3B,102.82433,1.3316042
Qwen2.5-3B,119.223526,0.8322411
Qwen2.5-3B,127.29005,0.87189263
Qwen2.5-3B,111.47068,0.8373241
Qwen2.5-3B,106.15639,1.2401687
Qwen2.5-3B,111.638306,0.69672847
Qwen2.5-3B,130.57086,1.0794823
Qwen2.5-3B,108.44601,0.79324305
Qwen2.5-3B,101.01346,1.2872579
Qwen2.5-3B,105.055695,0.5754953
Qwen2.5-3B,134.01573,1.1868318
Qwen2.5-3B,105.960976,0.6520913
Qwen2.5-3B,104.89232,1.9988575
Qwen2.5-3B,116.32027,0.82187444
Qwen2.5-3B,137.77245,0.91653544
Qwen2.5-3B,111.00627,0.77852523
Qwen2.5-3B,108.314804,1.6439703
Qwen2.5-3B,110.52516,0.82680875
Qwen2.5-3B,145.10294,0.97124976
Qwen2.5-3B,112.85951,0.8027636
Qwen2.5-3B,106.47821,1.5634267
Qwen2.5-3B,113.17174,2.1959689
Qwen2.5-3B,130.76259,0.8491217
Qwen2.5-3B,107.562164,1.2638185
Qwen2.5-3B,109.063354,0.7350365
Qwen2.5-3B,112.428635,1.6459124
Qwen2.5-3B,120.761246,0.7954647
Qwen2.5-3B,110.93494,0.9116218
Qwen2.5-3B,109.87297,0.81533164
Qwen2.5-3B,110.64088,1.1335709
Qwen2.5-3B,125.27878,0.8658178
Qwen2.5-3B,112.08212,0.89921886
Qwen2.5-3B,108.84314,1.198627
Qwen2.5-3B,111.499725,1.156305
Qwen2.5-3B,125.896965,0.8648442
Qwen2.5-3B,110.288734,0.91428065
Qwen2.5-3B,110.64378,1.2124143
Qwen2.5-3B,110.146225,1.1866114
Qwen2.5-3B,126.82249,0.86945486
Qwen2.5-3B,108.557526,0.9025101
Qwen2.5-3B,103.05333,1.1761463
Qwen2.5-3B,121.60689,1.4046366
Qwen2.5-3B,118.33917,0.8005368
Qwen2.5-3B,112.825455,0.9356456
Qwen2.5-3B,113.34233,0.95195615
Qwen2.5-3B,113.85553,1.2817013
Qwen2.5-3B,129.91891,0.8592169
Qwen2.5-3B,112.504135,0.9570862
Qwen2.5-3B,106.68471,1.1450269
Qwen2.5-3B,111.39015,1.2377801
Qwen2.5-3B,129.81586,0.8405855
Qwen2.5-3B,105.828735,0.91457796
Qwen2.5-3B,115.18483,1.0771066
Qwen2.5-3B,116.32446,1.2461846
Qwen2.5-3B,138.04797,0.89301294
Qwen2.5-3B,111.04225,0.9544156
Qwen2.5-3B,115.88051,1.1305208
Qwen2.5-3B,104.46147,1.0950454
Qwen2.5-3B,128.19394,0.8022146
Qwen2.5-3B,109.99417,0.84530926
Qwen2.5-3B,106.62694,1.0320568
Qwen2.5-3B,118.69381,1.1596174
Qwen2.5-3B,127.99777,0.8358755
Qwen2.5-3B,112.5419,0.9012152
Qwen2.5-3B,112.4583,1.1176648
Qwen2.5-3B,119.58826,1.1990434
Qwen2.5-3B,131.01892,0.75830364
Qwen2.5-3B,111.03994,0.82759273
Qwen2.5-3B,108.7899,0.95316267
Qwen2.5-3B,109.54198,1.4751855
Qwen2.5-3B,122.48214,0.7748686
Qwen2.5-3B,114.09401,0.9065607
Qwen2.5-3B,101.35901,0.83406824
Qwen2.5-3B,112.38228,0.93346626
Qwen2.5-3B,129.31569,0.83312637
Qwen2.5-3B,109.70998,0.7854088
Qwen2.5-3B,110.043564,1.0785133
Qwen2.5-3B,122.993164,1.0617138
Qwen2.5-3B,136.06714,0.8266174
Qwen2.5-3B,110.40937,0.8387378
Qwen2.5-3B,108.098885,1.1081296
Qwen2.5-3B,109.84349,1.543661
Qwen2.5-3B,129.26657,0.7941913
Qwen2.5-3B,109.42105,1.0174625
Qwen2.5-3B,109.73851,0.7269473
Qwen2.5-3B,117.34979,1.4349601
Qwen2.5-3B,117.3432,0.8340653
Qwen2.5-3B,112.362,0.99248606
Qwen2.5-3B,116.78255,0.9607913
Qwen2.5-3B,118.8162,1.3213913
Qwen2.5-3B,117.74996,0.75556874
Qwen2.5-3B,108.70586,0.91679424
Qwen2.5-3B,110.1827,1.0384159
Qwen2.5-3B,111.776794,1.3558131
Qwen2.5-3B,116.99133,0.9074935
Qwen2.5-3B,111.91315,0.9865595
Qwen2.5-3B,112.07062,0.99694
Qwen2.5-3B,109.87202,1.1288104
Qwen2.5-3B,123.48959,0.8655949
Qwen2.5-3B,112.601265,0.9278992
Qwen2.5-3B,103.182755,1.0849869
Qwen2.5-3B,115.215866,1.2498628
Qwen2.5-3B,124.214966,0.9104291
Qwen2.5-3B,111.8183,0.96715283
Qwen2.5-3B,110.56153,1.110621
Qwen2.5-3B,116.05064,1.4006306
Qwen2.5-3B,125.36517,0.8939215
Qwen2.5-3B,109.88042,0.9986508
Qwen2.5-3B,110.01229,1.15475
Qwen2.5-0.5B,62.425873,1.3478715
Qwen2.5-0.5B,60.29246,0.23954904
Qwen2.5-0.5B,65.48874,0.7369729
Qwen2.5-0.5B,58.784946,0.3157691
Qwen2.5-0.5B,58.139477,1.1115733
Qwen2.5-0.5B,58.474216,0.33611345
Qwen2.5-0.5B,59.904377,0.63561016
Qwen2.5-0.5B,57.742146,0.34759086
Qwen2.5-0.5B,56.388275,0.6363141
Qwen2.5-0.5B,65.64672,0.42216104
Qwen2.5-0.5B,56.722954,0.4698011
Qwen2.5-0.5B,61.156013,0.6092397
Qwen2.5-0.5B,52.8704,0.58958185
Qwen2.5-0.5B,54.690525,0.34851885
Qwen2.5-0.5B,55.850307,0.3903875
Qwen2.5-0.5B,60.071255,0.50005805
Qwen2.5-0.5B,57.812775,0.6217945
Qwen2.5-0.5B,66.71374,0.4053786
Qwen2.5-0.5B,59.624825,0.46759534
Qwen2.5-0.5B,61.604813,0.5658812
Qwen2.5-0.5B,50.759655,0.6360138
Qwen2.5-0.5B,67.68912,0.38883156
Qwen2.5-0.5B,59.600346,0.44118813
Qwen2.5-0.5B,58.893524,0.54725033
Qwen2.5-0.5B,55.2247,0.5741557
Qwen2.5-0.5B,72.612206,0.41015288
Qwen2.5-0.5B,59.556057,0.4497273
Qwen2.5-0.5B,57.238514,0.62397665
Qwen2.5-0.5B,57.93421,0.64381653
Qwen2.5-0.5B,67.97514,0.38159472
Qwen2.5-0.5B,57.952236,0.44271922
Qwen2.5-0.5B,54.119076,0.5892962
Qwen2.5-0.5B,56.404224,0.5514522
Qwen2.5-0.5B,49.80883,0.40079048
Qwen2.5-0.5B,57.22094,0.45835808
Qwen2.5-0.5B,45.100716,0.5450326
Qwen2.5-0.5B,56.664234,0.5686072
Qwen2.5-0.5B,56.81986,0.43838826
Qwen2.5-0.5B,57.566456,0.4696541
Qwen2.5-0.5B,54.925346,0.61435175
Qwen2.5-0.5B,56.912697,0.6224903
Qwen2.5-0.5B,65.12482,0.44934782
Qwen2.5-0.5B,59.350525,0.4682433
Qwen2.5-0.5B,59.628563,0.740551
Qwen2.5-0.5B,60.38382,0.59472847
Qwen2.5-0.5B,64.82082,0.39845276
Qwen2.5-0.5B,59.07496,0.4795876
Qwen2.5-0.5B,60.444424,0.67466223
Qwen2.5-0.5B,56.498848,1.0244129
Qwen2.5-0.5B,64.7448,0.34544578
Qwen2.5-0.5B,58.355766,0.57938415
Qwen2.5-0.5B,59.584938,0.33692038
Qwen2.5-0.5B,56.711468,0.52685535
Qwen2.5-0.5B,57.24222,0.46277857
Qwen2.5-0.5B,56.63152,0.4414325
Qwen2.5-0.5B,56.043293,0.7357304
Qwen2.5-0.5B,58.203766,0.46068624
Qwen2.5-0.5B,69.915016,0.53303903
Qwen2.5-0.5B,58.00675,0.41919157
Qwen2.5-0.5B,56.92765,0.87213975
Qwen2.5-0.5B,63.128685,0.44352347
Qwen2.5-0.5B,77.942566,0.5186462
Qwen2.5-0.5B,61.262764,0.41601157
Qwen2.5-0.5B,53.945175,0.7572843
Qwen2.5-0.5B,65.60098,0.45837957
Qwen2.5-0.5B,73.77539,0.46345362
Qwen2.5-0.5B,62.288425,0.44140068
Qwen2.5-0.5B,60.880486,0.69707704
Qwen2.5-0.5B,59.55051,0.80100423
Qwen2.5-0.5B,64.11464,0.36334914
Qwen2.5-0.5B,58.230427,0.48933768
Qwen2.5-0.5B,54.932693,0.47822732
Qwen2.5-0.5B,59.313934,0.72967327
Qwen2.5-0.5B,63.279854,0.3968783
Qwen2.5-0.5B,57.3877,0.5129103
Qwen2.5-0.5B,57.120785,0.5442851
Qwen2.5-0.5B,59.56854,0.68169487
Qwen2.5-0.5B,66.41498,0.41581997
Qwen2.5-0.5B,57.52485,0.48624367
Qwen2.5-0.5B,61.32541,0.5624945
Qwen2.5-0.5B,59.051285,0.7705836
Qwen2.5-0.5B,66.87127,0.38415098
Qwen2.5-0.5B,61.942593,0.49519867
Qwen2.5-0.5B,59.691525,0.47339165
Qwen2.5-0.5B,57.084866,0.7572703
Qwen2.5-0.5B,65.3907,0.4205223
Qwen2.5-0.5B,59.830875,0.510661
Qwen2.5-0.5B,61.072327,0.5568222
Qwen2.5-0.5B,58.200737,0.8678138
Qwen2.5-0.5B,64.42215,0.3972538
Qwen2.5-0.5B,58.532715,0.5712987
Qwen2.5-0.5B,58.02867,0.49046677
Qwen2.5-0.5B,56.194782,0.653372
Qwen2.5-0.5B,59.53268,0.37657222
Qwen2.5-0.5B,57.447887,0.4690396
Qwen2.5-0.5B,56.908226,0.52736604
Qwen2.5-7B,162.98985,1.0398691
Qwen2.5-7B,187.6084,0.7039366
Qwen2.5-7B,170.6748,0.7729501
Qwen2.5-7B,166.04024,0.87960875
Qwen2.5-7B,166.17303,0.91605514
Qwen2.5-7B,191.76552,0.74485475
Qwen2.5-7B,172.22331,0.7410075
Qwen2.5-7B,175.2725,0.95917785
Qwen2.5-7B,169.02211,0.9699017
Qwen2.5-7B,187.8616,0.7365673
Qwen2.5-7B,169.19502,0.7684609
Qwen2.5-7B,162.97293,0.9378531
Qwen2.5-7B,168.95746,0.9076688
Qwen2.5-7B,191.98154,0.75952435
Qwen2.5-7B,166.26517,0.7182993
Qwen2.5-7B,171.12952,1.0826762
Qwen2.5-7B,171.56726,0.8227531
Qwen2.5-7B,194.93811,0.76888216
Qwen2.5-7B,165.89738,0.7174223
Qwen2.5-7B,168.3144,1.0847639
Qwen2.5-7B,166.63757,0.8839494
Qwen2.5-7B,194.25298,0.7801325
Qwen2.5-7B,170.21056,0.7414504
Qwen2.5-7B,157.98839,1.1106446
Qwen2.5-7B,174.73376,0.7801622
Qwen2.5-7B,180.19373,0.8211741
Qwen2.5-7B,167.04308,0.7213256
Qwen2.5-7B,165.05579,1.2049105
Qwen2.5-7B,166.6708,0.7461732
Qwen2.5-7B,161.68108,0.8261509
Qwen2.5-7B,166.63417,0.715362
Qwen2.5-7B,158.21237,1.1579778
Qwen2.5-7B,163.3002,1.097948
Qwen2.5-7B,191.87276,0.7455867
Qwen2.5-7B,163.77898,0.82129616
Qwen2.5-7B,164.68222,0.9647061
Qwen2.5-7B,156.7974,1.1061479
Qwen2.5-7B,196.06836,0.7220645
Qwen2.5-7B,168.56326,0.8114384
Qwen2.5-7B,167.47897,0.839329
Qwen2.5-7B,166.12738,1.05398
Qwen2.5-7B,197.31564,0.7190801
Qwen2.5-7B,165.72266,0.7938698
Qwen2.5-7B,168.95404,0.88095033
Qwen2.5-7B,165.75278,0.9917821
Qwen2.5-7B,195.42497,0.7479702
Qwen2.5-7B,166.72514,0.77472675
Qwen2.5-7B,159.56706,0.9724624
Qwen2.5-7B,164.02997,0.9585543
Qwen2.5-7B,185.82652,0.6898785
Qwen2.5-7B,165.34782,0.7308114
Qwen2.5-7B,163.53394,0.8396198
Qwen2.5-7B,175.37025,0.958775
Qwen2.5-7B,194.01183,0.7838903
Qwen2.5-7B,166.6875,0.77694124
Qwen2.5-7B,160.82065,1.0694706
Qwen2.5-7B,164.79184,1.0811641
Qwen2.5-7B,173.63985,0.71689063
Qwen2.5-7B,162.45766,0.8024205
Qwen2.5-7B,170.68785,0.8876568
Qwen2.5-7B,170.53445,0.90420663
Qwen2.5-7B,176.72781,0.777809
Qwen2.5-7B,169.95786,0.7376589
Qwen2.5-7B,163.64076,1.0791535
Qwen2.5-7B,165.8441,0.8131453
Qwen2.5-7B,175.816,0.8838247
Qwen2.5-7B,168.91089,0.7640607
Qwen2.5-7B,158.4807,1.1720138
Qwen2.5-7B,171.9478,0.77106684
Qwen2.5-7B,182.51355,0.8567495
Qwen2.5-7B,167.65262,0.73841715
Qwen2.5-7B,160.98837,1.3359591
Qwen2.5-7B,168.21698,0.6894554
Qwen2.5-7B,188.54915,0.9256386
Qwen2.5-7B,167.95169,0.7181813
Qwen2.5-7B,160.54828,1.4497299
Qwen2.5-7B,159.30261,0.6451824
Qwen2.5-7B,179.22444,0.97030026
Qwen2.5-7B,164.01613,0.64192086
Qwen2.5-7B,160.97946,1.6963425
Qwen2.5-7B,164.46223,0.6603048
Qwen2.5-7B,176.93321,0.86837816
Qwen2.5-7B,167.31912,0.6939755
Qwen2.5-7B,168.90071,1.4933445
Qwen2.5-7B,158.74812,1.5146458
Qwen2.5-7B,177.60414,0.6049219
Qwen2.5-7B,171.79782,0.805981
Qwen2.5-7B,168.26198,0.5307869
Qwen2.5-7B,146.10577,1.0180329
Qwen2.5-7B,177.56015,0.66453993
Qwen2.5-7B,146.184,0.5449501
Qwen2.5-7B,167.81969,0.78046584
Qwen2.5-7B,159.48553,1.2791905
Qwen2.5-7B,204.21765,0.6661949
Qwen2.5-7B,159.00029,0.8082519
Qwen2.5-7B,175.03868,0.63118386
Qwen2.5-7B,158.3761,1.2988588
Qwen2.5-7B,196.70174,0.7075706
Qwen2.5-7B,164.09492,0.848362
Qwen2.5-7B,152.64766,0.7424403
Qwen2.5-7B,161.02771,1.1468318
Qwen2.5-7B,169.43422,0.70069927
Qwen2.5-7B,164.614,0.8031251
Qwen2.5-7B,166.3411,0.88235
Qwen2.5-7B,166.27391,1.076843
Qwen2.5-7B,181.36081,0.68608624
Qwen2.5-7B,168.12183,0.80052835
Qwen2.5-7B,171.98645,0.84140587
Qwen2.5-7B,173.43968,1.1388769
Qwen2.5-7B,169.50412,0.7101403
Qwen2.5-7B,166.60167,0.8201636
Qwen2.5-7B,177.45546,0.88596344
Qwen2.5-32B,221.46135,1.6022462
Qwen2.5-32B,242.79956,1.2546382
Qwen2.5-32B,215.40308,1.2195203
Qwen2.5-32B,220.38869,1.6646525
Qwen2.5-32B,223.08542,1.3715405
Qwen2.5-32B,248.92168,1.3141686
Qwen2.5-32B,218.02861,1.1331987
Qwen2.5-32B,216.35696,1.8923895
Qwen2.5-32B,210.80194,1.3686501
Qwen2.5-32B,228.90471,1.3601351
Qwen2.5-32B,217.3021,1.1464646
Qwen2.5-32B,213.5439,1.8697554
Qwen2.5-32B,217.64807,1.3927388
Qwen2.5-32B,240.91055,1.3790268
Qwen2.5-32B,216.28325,1.1731554
Qwen2.5-32B,214.7215,1.9122628
Qwen2.5-32B,221.81537,1.5572803
Qwen2.5-32B,226.67319,1.2577469
Qwen2.5-32B,224.06099,1.1697096
Qwen2.5-32B,216.27647,1.6184837
Qwen2.5-32B,220.75092,1.567595
Qwen2.5-32B,224.87798,1.2116227
Qwen2.5-32B,216.64864,1.1701372
Qwen2.5-32B,218.5523,1.5762677
Qwen2.5-32B,214.90761,1.5814664
Qwen2.5-32B,222.60489,1.189088
Qwen2.5-32B,219.15788,1.1682957
Qwen2.5-32B,215.45639,1.5218658
Qwen2.5-32B,220.63728,1.6841148
Qwen2.5-32B,235.82217,1.1591977
Qwen2.5-32B,220.14041,1.2274623
Qwen2.5-32B,216.7652,1.4229596
Qwen2.5-32B,218.04274,1.9249485
Qwen2.5-32B,197.56364,0.9685324
Qwen2.5-32B,220.02849,1.0983298
Qwen2.5-32B,221.69284,1.1350169
Qwen2.5-32B,135.61877,0.27559292
Qwen2.5-32B,178.66426,0.55532515
Qwen2.5-32B,130.35623,0.09628309
Qwen2.5-32B,197.24948,0.55045575
Qwen2.5-32B,158.3005,0.52729374
Qwen2.5-32B,194.77522,0.88179207
Qwen2.5-32B,147.06241,0.26559788
Qwen2.5-32B,192.82358,0.88367796
Qwen2.5-32B,216.12955,1.4200946
Qwen2.5-32B,257.31992,1.3220416
Qwen2.5-32B,224.32382,1.15996
Qwen2.5-32B,217.15686,1.7802444
Qwen2.5-32B,221.14307,1.4816482
Qwen2.5-32B,248.2249,1.267689
Qwen2.5-32B,214.86526,1.1787812
Qwen2.5-32B,216.59552,1.6787958
Qwen2.5-32B,217.55576,1.3973614
Qwen2.5-32B,251.1246,1.2616761
Qwen2.5-32B,220.19336,1.1328013
Qwen2.5-32B,223.38632,1.6449157
Qwen2.5-32B,217.2703,1.5936059
Qwen2.5-32B,249.43222,1.2210207
Qwen2.5-32B,218.264,1.2268493
Qwen2.5-32B,226.32288,1.5336325
Qwen2.5-32B,216.26746,1.5790455
Qwen2.5-32B,212.15634,1.1625777
Qwen2.5-32B,221.39688,1.1313375
Qwen2.5-32B,214.4515,1.5015172
Qwen2.5-32B,209.88701,1.5874876
Qwen2.5-32B,218.7181,1.1578531
Qwen2.5-32B,218.70187,1.1146137
Qwen2.5-32B,205.98856,1.5184878
Qwen2.5-32B,227.73038,1.6577342
Qwen2.5-32B,219.81131,1.1665922
Qwen2.5-32B,220.94287,1.1879532
Qwen2.5-32B,222.9361,1.4846079
Qwen2.5-32B,226.74889,1.5827061
Qwen2.5-32B,219.25981,1.2338331
Qwen2.5-32B,219.02502,1.1765568
Qwen2.5-32B,221.28635,1.5890496
Qwen2.5-32B,219.85077,1.6011086
Qwen2.5-32B,212.26968,1.2428839
Qwen2.5-32B,222.73111,1.127401
Qwen2.5-32B,217.87683,1.5940707
Qwen2.5-32B,224.10132,1.584478
Qwen2.5-32B,227.37761,1.2400924
Qwen2.5-32B,219.0395,1.1443932
Qwen2.5-32B,215.2445,1.6148498
Qwen2.5-32B,230.99234,1.5489415
Qwen2.5-32B,215.05478,1.2524803
Qwen2.5-32B,219.54485,1.1257147
Qwen2.5-32B,218.65005,1.648998
Qwen2.5-32B,218.19461,1.6356002
Qwen2.5-32B,220.03687,1.2613313
Qwen2.5-32B,222.47282,1.2014563
Qwen2.5-32B,222.31679,1.6079745
Qwen2.5-32B,212.83499,1.1342776
Qwen2.5-32B,222.17953,1.5641992
Qwen2.5-32B,216.31192,1.0922725
Qwen2.5-32B,213.02885,2.3615165
Qwen2.5-32B,213.78102,1.0157346
Qwen2.5-32B,222.10759,1.5735066
Qwen2.5-32B,220.12613,1.072078
Qwen2.5-32B,211.04091,2.4438617
Qwen2.5-32B,210.7287,0.99909186
Qwen2.5-32B,220.48763,1.5527377
Qwen2.5-32B,221.76152,1.0688813
Qwen2.5-32B,211.83852,2.4165673
Qwen2.5-32B,220.90417,1.0311315
Qwen2.5-32B,225.31015,1.5546591
Qwen2.5-32B,218.3669,1.0550488
Qwen2.5-32B,206.70657,2.5372057
Qwen2.5-32B,218.1647,1.7040635
Qwen2.5-32B,226.8718,1.1877462
Qwen2.5-32B,220.84195,1.2252232
Qwen2.5-32B,214.40666,1.5228782
Qwen2.5-32B,213.89404,1.5457625
Qwen2.5-32B,236.6772,1.2320696
Qwen2.5-32B,220.17204,1.164477
Qwen2.5-32B,222.98224,1.6874387
Qwen2.5-32B,212.75449,1.5330856
Qwen2.5-32B,233.1658,1.2605858
Qwen2.5-32B,221.07744,1.1849
Qwen2.5-32B,215.89401,1.6853466
Qwen2.5-32B,213.2851,1.5301287
Qwen2.5-32B,242.04276,1.2832706
Qwen2.5-32B,217.19885,1.1937596
Qwen2.5-32B,218.33945,1.7199928
Qwen2.5-32B,218.14134,1.3524891
Qwen2.5-32B,228.44955,1.4564941
Qwen2.5-32B,218.34595,1.2072592
Qwen2.5-32B,213.34915,2.1297626
Qwen2.5-32B,210.23087,1.2240952
Qwen2.5-32B,215.24141,1.5044463
Qwen2.5-32B,220.16248,1.1553518
Qwen2.5-32B,215.8617,2.0937786
Qwen2.5-32B,218.3146,1.2614067
Qwen2.5-32B,218.94434,1.4854734
Qwen2.5-32B,217.9426,1.1874516
Qwen2.5-32B,210.60406,2.1422486
Qwen2.5-32B,209.35474,1.2296479
Qwen2.5-32B,219.50562,1.489362
Qwen2.5-32B,218.58707,1.204067
Qwen2.5-32B,211.27492,2.0645075
Qwen2.5-32B,208.62962,1.5293177
Qwen2.5-32B,233.66714,1.2996893
Qwen2.5-32B,219.86353,1.1898502
Qwen2.5-32B,215.11862,1.7389269
Qwen2.5-32B,208.16501,1.572032
Qwen2.5-32B,223.64323,1.2608178
Qwen2.5-32B,219.33493,1.1849267
Qwen2.5-32B,211.87265,1.7103199
Qwen2.5-32B,214.59067,1.6136224
Qwen2.5-32B,231.15213,1.2498231
Qwen2.5-32B,217.97603,1.2250487
Qwen2.5-32B,216.9873,1.5833334
Qwen2.5-32B,219.25354,1.5547628
Qwen2.5-32B,223.5435,1.2692322
Qwen2.5-32B,223.88052,1.1843437
Qwen2.5-32B,216.89099,1.6656868
Qwen2.5-32B,209.90326,1.4804877
Qwen2.5-32B,230.17392,1.3829825
Qwen2.5-32B,211.36499,1.234878
Qwen2.5-32B,208.9123,1.9411274
Qwen2.5-32B,213.60016,1.2417371
Qwen2.5-32B,213.75728,1.4118965
Qwen2.5-32B,220.83374,1.1581379
Qwen2.5-32B,205.2016,2.0252938
Qwen2.5-32B,222.11316,1.3596913
Qwen2.5-32B,219.279,1.4737598
Qwen2.5-32B,215.1752,1.2128267
Qwen2.5-32B,211.23941,1.9436281
Qwen2.5-32B,213.24506,1.3502496
Qwen2.5-32B,234.77376,1.4370089
Qwen2.5-32B,217.4614,1.2214711
Qwen2.5-32B,218.49118,1.9858236
Qwen2.5-32B,219.90182,1.5794799
Qwen2.5-32B,224.0441,1.2810822
Qwen2.5-32B,218.41158,1.1650584
Qwen2.5-32B,220.13173,1.6633204
Qwen2.5-32B,212.37015,1.5841676
Qwen2.5-32B,214.10526,1.2237108
Qwen2.5-32B,218.7004,1.1297045
Qwen2.5-32B,212.11633,1.6016499
Qwen2.5-32B,214.0362,1.6211727
Qwen2.5-32B,214.44748,1.2107708
Qwen2.5-32B,216.55527,1.163831
Qwen2.5-32B,223.21849,1.5103152
Qwen2.5-32B,223.43454,1.6066186
Qwen2.5-32B,213.41997,1.2151681
Qwen2.5-32B,217.7697,1.1500113
Qwen2.5-32B,215.83676,1.5764403
Qwen2.5-32B,214.28944,1.4310848
Qwen2.5-32B,235.39673,1.3768634
Qwen2.5-32B,217.06802,1.1920474
Qwen2.5-32B,227.65729,1.9166778
Qwen2.5-32B,217.37135,1.4035031
Qwen2.5-32B,227.87871,1.4358591
Qwen2.5-32B,221.606,1.2129151
Qwen2.5-32B,209.49103,1.9278567
Qwen2.5-32B,221.13062,1.3782763
Qwen2.5-32B,233.13174,1.4115725
Qwen2.5-32B,220.49297,1.1909425
Qwen2.5-32B,215.04523,1.954626
Qwen2.5-32B,214.78441,1.3042128
Qwen2.5-32B,217.46323,1.4247348
Qwen2.5-32B,214.96255,1.1712568
Qwen2.5-32B,210.63315,1.9226779
Qwen2.5-32B,190.13667,1.0480086
Qwen2.5-32B,218.29272,1.065464
Qwen2.5-32B,178.87306,0.55372393
Qwen2.5-32B,194.27133,1.0633793
Qwen2.5-32B,216.4498,1.2732961
Qwen2.5-32B,234.4133,1.1888034
Qwen2.5-32B,204.89876,0.7584133
Qwen2.5-32B,213.15494,1.3358573
Qwen2.5-32B,211.29703,1.550589
Qwen2.5-32B,216.86856,1.2430009
Qwen2.5-32B,211.49869,0.9905183
Qwen2.5-32B,211.89243,1.4616528
Qwen2.5-32B,219.42717,1.5308436
Qwen2.5-32B,224.4102,1.2231923
Qwen2.5-32B,216.80753,1.0290549
Qwen2.5-32B,226.72931,1.5343978
Qwen2.5-32B,215.54514,1.1075001
Qwen2.5-32B,228.29375,1.3331316
Qwen2.5-32B,217.37598,1.1405522
Qwen2.5-32B,203.62566,1.8661731
Qwen2.5-32B,202.65663,1.5178337
Qwen2.5-32B,222.2459,1.2391434
Qwen2.5-32B,218.2553,1.1637111
Qwen2.5-32B,213.86844,1.6212811
Qwen2.5-32B,220.79204,1.5280327
Qwen2.5-32B,240.02902,1.21698
Qwen2.5-32B,221.39702,1.1561636
Qwen2.5-32B,223.13228,1.5980415
Qwen2.5-32B,213.71274,1.6080391
Qwen2.5-32B,241.42256,1.2207057
Qwen2.5-32B,217.45706,1.2093304
Qwen2.5-32B,229.70056,1.5970107
Qwen2.5-32B,211.99985,1.4687529
Qwen2.5-32B,248.87817,1.2943609
Qwen2.5-32B,220.30405,1.1699013
Qwen2.5-32B,214.62851,1.7359269
Qwen2.5-32B,223.1057,1.6821272
Qwen2.5-32B,215.53113,1.2683655
Qwen2.5-32B,224.8081,1.2380295
Qwen2.5-32B,223.81169,1.5955417
Qwen2.5-32B,220.258,1.5729336
Qwen2.5-32B,221.63098,1.2756348
Qwen2.5-32B,221.3171,1.1241452
Qwen2.5-32B,224.12846,1.6199282
Qwen2.5-32B,223.48569,1.5240495
Qwen2.5-32B,213.59639,1.1872619
Qwen2.5-32B,220.56326,1.0357819
Qwen2.5-32B,220.36258,1.561479
Qwen2.5-32B,232.02199,1.5578195
Qwen2.5-32B,218.71347,1.2565327
Qwen2.5-32B,222.48282,1.116636
Qwen2.5-32B,215.1036,1.6345862
Qwen2.5-14B,214.82295,1.5232434
Qwen2.5-14B,234.57419,1.0590945
Qwen2.5-14B,215.02942,1.1255221
Qwen2.5-14B,212.28798,1.2770212
Qwen2.5-14B,213.73541,1.544529
Qwen2.5-14B,251.26118,1.037944
Qwen2.5-14B,220.83296,1.1318405
Qwen2.5-14B,221.856,1.2378769
Qwen2.5-14B,215.22678,1.605787
Qwen2.5-14B,251.51208,1.0432155
Qwen2.5-14B,219.27026,1.166907
Qwen2.5-14B,217.71713,1.2296329
Qwen2.5-14B,230.53818,1.4983582
Qwen2.5-14B,256.5572,1.0990546
Qwen2.5-14B,223.12337,1.1394422
Qwen2.5-14B,210.44302,1.3257703
Qwen2.5-14B,212.58794,1.4556344
Qwen2.5-14B,270.76086,1.1283234
Qwen2.5-14B,221.33643,1.1262095
Qwen2.5-14B,221.27966,1.376713
Qwen2.5-14B,210.79866,1.5566629
Qwen2.5-14B,264.69717,1.0755529
Qwen2.5-14B,214.96216,1.1561644
Qwen2.5-14B,213.88654,1.2727344
Qwen2.5-14B,218.76181,1.444617
Qwen2.5-14B,260.2321,1.0549848
Qwen2.5-14B,220.66045,1.0968387
Qwen2.5-14B,221.6243,1.2170508
Qwen2.5-14B,222.31873,1.5755198
Qwen2.5-14B,242.20723,1.0850041
Qwen2.5-14B,215.49173,1.1554335
Qwen2.5-14B,215.59743,1.3390877
Qwen2.5-14B,221.35715,1.5331862
Qwen2.5-14B,228.6644,1.1031067
Qwen2.5-14B,216.70132,1.1443899
Qwen2.5-14B,217.29297,1.4031291
Qwen2.5-14B,216.0839,1.5989656
Qwen2.5-14B,232.84485,1.1074257
Qwen2.5-14B,220.25156,1.1922476
Qwen2.5-14B,224.73076,1.3333378
Qwen2.5-14B,217.62148,1.5061253
Qwen2.5-14B,244.5051,1.1344259
Qwen2.5-14B,219.08472,1.1401346
Qwen2.5-14B,212.21997,1.4175261
Qwen2.5-14B,221.11336,1.6438729
Qwen2.5-14B,231.54414,1.075948
Qwen2.5-14B,224.16203,1.1828926
Qwen2.5-14B,211.71378,1.3151312
Qwen2.5-14B,213.96857,1.6124437
Qwen2.5-14B,242.49675,1.065128
Qwen2.5-14B,216.96835,1.1815203
Qwen2.5-14B,218.99777,1.238626
Qwen2.5-14B,212.70563,1.5550237
Qwen2.5-14B,237.83585,1.083975
Qwen2.5-14B,222.29436,1.141667
Qwen2.5-14B,221.37177,1.3080995
Qwen2.5-14B,210.41072,1.2046926
Qwen2.5-14B,226.10385,1.3135777
Qwen2.5-14B,215.31552,1.1287073
Qwen2.5-14B,213.89548,1.8217628
Qwen2.5-14B,213.93591,1.168066
Qwen2.5-14B,225.02213,1.3175967
Qwen2.5-14B,213.9841,1.1354183
Qwen2.5-14B,214.01239,1.7778858
Qwen2.5-14B,219.03644,1.0366547
Qwen2.5-14B,235.04977,1.3717663
Qwen2.5-14B,217.1394,1.034127
Qwen2.5-14B,208.61761,1.999845
Qwen2.5-14B,220.0804,0.9827513
Qwen2.5-14B,230.94243,1.3807039
Qwen2.5-14B,219.32732,1.0210711
Qwen2.5-14B,208.81964,2.0862806
Qwen2.5-14B,220.47803,0.96062297
Qwen2.5-14B,229.51074,1.3698826
Qwen2.5-14B,216.82956,1.0213982
Qwen2.5-14B,211.86081,2.0974088
Qwen2.5-14B,220.42496,0.9526861
Qwen2.5-14B,236.96494,1.356232
Qwen2.5-14B,214.13823,0.99197483
Qwen2.5-14B,215.38937,2.200837
Qwen2.5-14B,209.15036,1.0226257
Qwen2.5-14B,231.78549,1.1939774
Qwen2.5-14B,219.98994,1.0703928
Qwen2.5-14B,209.90433,1.7015157
Qwen2.5-14B,218.60464,1.9123062
Qwen2.5-14B,214.3914,0.8404341
Qwen2.5-14B,216.04785,1.0833421
Qwen2.5-14B,212.66672,0.9128501
Qwen2.5-14B,158.17276,0.26681507
Qwen2.5-14B,184.70126,0.601354
Qwen2.5-14B,125.94187,0.094701074
Qwen2.5-14B,205.45622,0.6017068
Qwen2.5-14B,172.66632,0.5670422
Qwen2.5-14B,203.08936,0.8693228
Qwen2.5-14B,163.18509,0.2899005
Qwen2.5-14B,202.39032,0.96773523
Qwen2.5-14B,197.48581,1.1618729
Qwen2.5-14B,240.66592,0.99115753
Qwen2.5-14B,190.11229,0.6540429
Qwen2.5-14B,205.75772,1.0628486
Qwen2.5-14B,206.02647,1.442372
Qwen2.5-14B,254.4899,1.0639844
Qwen2.5-14B,216.1907,0.8922076
Qwen2.5-14B,208.69043,1.1711822
Qwen2.5-14B,215.49554,1.5855181
Qwen2.5-14B,264.13556,1.03308
Qwen2.5-14B,218.24153,1.1662964
Qwen2.5-14B,228.7114,1.1585147
Qwen2.5-14B,226.92416,1.6047336
Qwen2.5-14B,257.2622,1.0546182
Qwen2.5-14B,219.17754,1.1622819
Qwen2.5-14B,215.98341,1.2696586
Qwen2.5-14B,225.56804,1.366641
Qwen2.5-14B,267.29736,1.1122245
Qwen2.5-14B,221.47964,1.0905634
Qwen2.5-14B,215.63022,1.4650252
Qwen2.5-14B,216.34935,1.3832508
Qwen2.5-14B,239.62675,1.12971
Qwen2.5-14B,219.8566,1.1015253
Qwen2.5-14B,213.45721,1.4063139
Qwen2.5-14B,217.94162,1.4175024
Qwen2.5-14B,253.96944,1.1525068
Qwen2.5-14B,219.25284,1.1299244
Qwen2.5-14B,211.87907,1.4574237
Qwen2.5-14B,220.0044,1.427518
Qwen2.5-14B,249.61539,1.1668276
Qwen2.5-14B,220.03995,1.1384948
Qwen2.5-14B,216.71953,1.5042298
Qwen2.5-14B,221.69864,1.3971215
Qwen2.5-14B,237.49536,1.2028067
Qwen2.5-14B,218.03806,1.154484
Qwen2.5-14B,218.99406,1.4809504
Qwen2.5-14B,217.23358,1.3642442
Qwen2.5-14B,245.87556,1.1914656
Qwen2.5-14B,218.96033,1.1280577
Qwen2.5-14B,221.92145,1.5284803
Qwen2.5-14B,217.36983,1.6245672
Qwen2.5-14B,231.44063,1.1292821
Qwen2.5-14B,218.3199,1.2020565
Qwen2.5-14B,218.06,1.320558
Qwen2.5-14B,216.6994,1.6321995
Qwen2.5-14B,225.28902,1.1017396
Qwen2.5-14B,218.80193,1.187444
Qwen2.5-14B,215.0008,1.3381801
Qwen2.5-14B,218.65921,1.6213719
Qwen2.5-14B,232.80318,1.1072209
Qwen2.5-14B,221.4154,1.1047599
Qwen2.5-14B,216.06679,1.2463329
Qwen2.5-14B,219.03482,1.5486068
Qwen2.5-14B,236.4067,1.0920095
Qwen2.5-14B,218.82637,1.0926707
Qwen2.5-14B,224.41603,1.3107085
Qwen2.5-14B,228.21194,1.5581663
Qwen2.5-14B,234.23251,1.1282212
Qwen2.5-14B,218.32236,1.1397495
Qwen2.5-14B,215.91553,1.340099
Qwen2.5-14B,216.09338,1.5439731
Qwen2.5-14B,214.91557,1.0589063
Qwen2.5-14B,218.55698,1.1078559
Qwen2.5-14B,216.25745,1.3242013
Qwen2.5-14B,224.41438,1.5534699
Qwen2.5-14B,232.02585,1.1129926
Qwen2.5-14B,221.70837,1.1391914
Qwen2.5-14B,217.707,1.3696604
Qwen2.5-14B,224.31432,1.2835598
Qwen2.5-14B,228.2825,1.2054121
Qwen2.5-14B,216.27805,1.1158631
Qwen2.5-14B,214.63855,1.5074253
Qwen2.5-14B,209.7769,1.4404596
Qwen2.5-14B,241.4003,1.1817496
Qwen2.5-14B,212.52234,1.1689875
Qwen2.5-14B,211.81226,1.534445
Qwen2.5-14B,223.9469,1.2042365
Qwen2.5-14B,230.21333,1.2021601
Qwen2.5-14B,218.75562,1.092557
Qwen2.5-14B,209.4205,1.6233822
Qwen2.5-14B,219.4555,1.3409894
Qwen2.5-14B,225.4071,1.2651439
Qwen2.5-14B,217.2374,1.1590027
Qwen2.5-14B,213.1287,1.5668906
Qwen2.5-14B,213.8977,1.2887337
Qwen2.5-14B,241.26721,1.2470791
Qwen2.5-14B,219.75078,1.1567228
Qwen2.5-14B,220.78253,1.6334248
Qwen2.5-14B,216.6192,1.2973702
Qwen2.5-14B,238.62244,1.2739046
Qwen2.5-14B,219.24895,1.146222
Qwen2.5-14B,214.07065,1.7751437
Qwen2.5-14B,214.69556,1.1883411
Qwen2.5-14B,229.03642,1.3103138
Qwen2.5-14B,213.85416,1.1137974
Qwen2.5-14B,196.87561,1.7446556
